{
  "0.jpg": [
    [
      0.70223668217659,
      0.5741264969110489
    ]
  ],
  "1.jpg": [
    [
      0.6958547532558441,
      0.7066586315631866
    ]
  ],
  "10.jpg": [],
  "11.jpg": [
    [
      0.35453785955905914,
      0.6394521296024323
    ]
  ],
  "12.jpg": [],
  "13.jpg": [
    [
      0.4371255934238434,
      0.5624884217977524
    ],
    [
      0.6049223393201828,
      0.6395773738622665
    ],
    [
      0.7485972046852112,
      0.701484739780426
    ]
  ],
  "14.jpg": [
    [
      0.47899647057056427,
      0.6904492378234863
    ],
    [
      0.3771779239177704,
      0.09584867209196091
    ],
    [
      0.4470977112650871,
      0.5518473386764526
    ]
  ],
  "15.jpg": [
    [
      0.4969232380390167,
      0.6627615690231323
    ]
  ],
  "16.jpg": [],
  "17.jpg": [
    [
      0.6075529158115387,
      0.6777315437793732
    ],
    [
      0.36148253083229065,
      0.27323152869939804
    ]
  ],
  "18.jpg": [
    [
      0.3670945018529892,
      0.341885007917881
    ],
    [
      0.6785961985588074,
      0.5319255888462067
    ],
    [
      0.35652534663677216,
      0.30262939631938934
    ]
  ],
  "19.jpg": [
    [
      0.6719129681587219,
      0.7014980614185333
    ]
  ],
  "2.jpg": [
    [
      0.2524685710668564,
      0.358549103140831
    ],
    [
      0.5179950669407845,
      0.3652919828891754
    ]
  ],
  "20.jpg": [
    [
      0.6451651155948639,
      0.46186792850494385
    ]
  ],
  "21.jpg": [],
  "22.jpg": [],
  "23.jpg": [
    [
      0.4504081904888153,
      0.6879169940948486
    ]
  ],
  "24.jpg": [],
  "25.jpg": [
    [
      0.2091413363814354,
      0.5737424492835999
    ],
    [
      0.403274729847908,
      0.5542860925197601
    ],
    [
      0.25801779702305794,
      0.5797124207019806
    ],
    [
      0.11724361032247543,
      0.5686888992786407
    ],
    [
      0.1457880660891533,
      0.5292544662952423
    ],
    [
      0.4158770889043808,
      0.637642115354538
    ],
    [
      0.31312452629208565,
      0.551354855298996
    ],
    [
      0.1094684787094593,
      0.3144475445151329
    ],
    [
      0.07142658531665802,
      0.5045575499534607
    ]
  ],
  "26.jpg": [],
  "27.jpg": [
    [
      0.6811592876911163,
      0.6315136849880219
    ]
  ],
  "28.jpg": [
    [
      0.7346499115228653,
      0.7479888796806335
    ],
    [
      0.33926478773355484,
      0.479890912771225
    ],
    [
      0.34010980278253555,
      0.23159871250391006
    ]
  ],
  "29.jpg": [
    [
      0.40226541459560394,
      0.6834516823291779
    ],
    [
      0.5631704479455948,
      0.6423071324825287
    ],
    [
      0.2111641839146614,
      0.6218707859516144
    ]
  ],
  "3.jpg": [],
  "30.jpg": [
    [
      0.29796718060970306,
      0.45389148592948914
    ]
  ],
  "31.jpg": [
    [
      0.4268908053636551,
      0.3876778781414032
    ]
  ],
  "32.jpg": [
    [
      0.5428590923547745,
      0.616626188158989
    ]
  ],
  "33.jpg": [],
  "34.jpg": [
    [
      0.48429878056049347,
      0.5532559305429459
    ]
  ],
  "35.jpg": [
    [
      0.715987890958786,
      0.7111056447029114
    ]
  ],
  "36.jpg": [
    [
      0.616715133190155,
      0.45391958951950073
    ]
  ],
  "37.jpg": [
    [
      0.2820158079266548,
      0.34401677548885345
    ],
    [
      0.37903740257024765,
      0.3181067444384098
    ],
    [
      0.7485737502574921,
      0.6334861516952515
    ],
    [
      0.3071204386651516,
      0.38018448650836945
    ]
  ],
  "38.jpg": [
    [
      0.5921732485294342,
      0.4980790466070175
    ],
    [
      0.4345797896385193,
      0.37516238540410995
    ]
  ],
  "39.jpg": [
    [
      0.5443461388349533,
      0.6195748448371887
    ]
  ],
  "4.jpg": [],
  "40.jpg": [],
  "41.jpg": [
    [
      0.19520308077335358,
      0.4638742059469223
    ]
  ],
  "42.jpg": [
    [
      0.4043664112687111,
      0.5177384316921234
    ],
    [
      0.39734478294849396,
      0.5140611976385117
    ],
    [
      0.7486773431301117,
      0.39115872979164124
    ]
  ],
  "43.jpg": [
    [
      0.7117452621459961,
      0.7439773976802826
    ]
  ],
  "44.jpg": [],
  "45.jpg": [
    [
      0.6819621473550797,
      0.7347988784313202
    ]
  ],
  "46.jpg": [],
  "47.jpg": [
    [
      0.7484573125839233,
      0.6201954185962677
    ],
    [
      0.5739741325378418,
      0.7083744704723358
    ]
  ],
  "48.jpg": [],
  "49.jpg": [
    [
      0.46106165647506714,
      0.5725503861904144
    ],
    [
      0.448331356048584,
      0.48050686717033386
    ],
    [
      0.4027135670185089,
      0.5906895995140076
    ]
  ],
  "5.jpg": [
    [
      0.5178070366382599,
      0.15141862630844116
    ],
    [
      0.7475892007350922,
      0.7003132104873657
    ],
    [
      0.5173027217388153,
      0.5755228698253632
    ]
  ],
  "50.jpg": [
    [
      0.15452556312084198,
      0.6178763955831528
    ],
    [
      0.7473323345184326,
      0.7463247627019882
    ]
  ],
  "51.jpg": [
    [
      0.6533397287130356,
      0.7143816351890564
    ]
  ],
  "52.jpg": [],
  "53.jpg": [
    [
      0.5661091804504395,
      0.5817370861768723
    ]
  ],
  "54.jpg": [
    [
      0.7073325961828232,
      0.6654848158359528
    ]
  ],
  "55.jpg": [
    [
      0.5634641200304031,
      0.638248860836029
    ]
  ],
  "56.jpg": [
    [
      0.3859615921974182,
      0.5137195438146591
    ]
  ],
  "57.jpg": [],
  "58.jpg": [
    [
      0.30448978394269943,
      0.5516434013843536
    ],
    [
      0.43452978134155273,
      0.6173647344112396
    ],
    [
      0.44918055832386017,
      0.5708568394184113
    ],
    [
      0.34918224811553955,
      0.5609131902456284
    ],
    [
      0.27512316405773163,
      0.5530150830745697
    ]
  ],
  "59.jpg": [
    [
      0.7431391030550003,
      0.7431188523769379
    ]
  ],
  "6.jpg": [
    [
      0.33113542199134827,
      0.27147161960601807
    ],
    [
      0.462870717048645,
      0.2788287550210953
    ]
  ],
  "60.jpg": [
    [
      0.412358820438385,
      0.5163202583789825
    ]
  ],
  "61.jpg": [
    [
      0.7401380240917206,
      0.7365659028291702
    ]
  ],
  "62.jpg": [
    [
      0.39209072291851044,
      0.5047578364610672
    ]
  ],
  "63.jpg": [],
  "64.jpg": [
    [
      0.6872340738773346,
      0.5829682499170303
    ]
  ],
  "65.jpg": [
    [
      0.42676518857479095,
      0.6305867731571198
    ],
    [
      0.43184344470500946,
      0.693492203950882
    ],
    [
      0.32293547689914703,
      0.7176214754581451
    ]
  ],
  "66.jpg": [
    [
      0.3943334296345711,
      0.2079007402062416
    ]
  ],
  "67.jpg": [
    [
      0.21894259005784988,
      0.733800619840622
    ]
  ],
  "68.jpg": [
    [
      0.6698784679174423,
      0.4442339390516281
    ]
  ],
  "69.jpg": [
    [
      0.3758161664009094,
      0.5512479543685913
    ],
    [
      0.2692912630736828,
      0.3329746201634407
    ],
    [
      0.23202930204570293,
      0.27819740399718285
    ]
  ],
  "7.jpg": [],
  "70.jpg": [
    [
      0.4180699586868286,
      0.32704390585422516
    ],
    [
      0.35494279116392136,
      0.26602378860116005
    ],
    [
      0.4707762077450752,
      0.6571429073810577
    ]
  ],
  "71.jpg": [
    [
      0.3954102173447609,
      0.34687886387109756
    ],
    [
      0.3966803327202797,
      0.6541984975337982
    ],
    [
      0.3427983410656452,
      0.2113777995109558
    ]
  ],
  "72.jpg": [
    [
      0.26747531443834305,
      0.6574233770370483
    ]
  ],
  "73.jpg": [
    [
      0.40089578181505203,
      0.34554237499833107
    ],
    [
      0.3884592577815056,
      0.34565725177526474
    ]
  ],
  "74.jpg": [
    [
      0.3671930432319641,
      0.6789120137691498
    ],
    [
      0.6886727213859558,
      0.6577138900756836
    ]
  ],
  "75.jpg": [
    [
      0.35131804645061493,
      0.6151960492134094
    ]
  ],
  "76.jpg": [
    [
      0.469560369849205,
      0.7329336702823639
    ]
  ],