{
  "0.jpg": [
    [
      0.7035154104232788,
      0.544421598315239
    ],
    [
      0.6192159950733185,
      0.5795085430145264
    ]
  ],
  "1.jpg": [
    [
      0.5198689326643944,
      0.697437971830368
    ],
    [
      0.2939125522971153,
      0.5204133689403534
    ],
    [
      0.2112714797258377,
      0.6871133148670197
    ],
    [
      0.15005259215831757,
      0.4197239577770233
    ],
    [
      0.34715188294649124,
      0.43614961206912994
    ],
    [
      0.34836065769195557,
      0.469436451792717
    ],
    [
      0.4331163018941879,
      0.41664692014455795
    ],
    [
      0.5108723491430283,
      0.5375865325331688
    ]
  ],
  "10.jpg": [
    [
      0.39456723630428314,
      0.44851456582546234
    ],
    [
      0.6924617290496826,
      0.3862029165029526
    ]
  ],
  "11.jpg": [
    [
      0.3541196808218956,
      0.647495225071907
    ]
  ],
  "12.jpg": [
    [
      0.5707714855670929,
      0.2511330842971802
    ],
    [
      0.3094542995095253,
      0.28418877720832825
    ],
    [
      0.2866252586245537,
      0.6783227920532227
    ]
  ],
  "13.jpg": [
    [
      0.4374866634607315,
      0.5628757178783417
    ],
    [
      0.6049997210502625,
      0.6402617692947388
    ],
    [
      0.52708700299263,
      0.5846736580133438
    ]
  ],
  "14.jpg": [
    [
      0.4786863774061203,
      0.6905188858509064
    ],
    [
      0.31084534525871277,
      0.26206302642822266
    ],
    [
      0.44722672551870346,
      0.5509535223245621
    ],
    [
      0.1368638016283512,
      0.5978681445121765
    ],
    [
      0.09792105108499527,
      0.6032730340957642
    ],
    [
      0.22196578234434128,
      0.48754122853279114
    ]
  ],
  "15.jpg": [
    [
      0.4986080229282379,
      0.6633507907390594
    ],
    [
      0.49482178688049316,
      0.5516144037246704
    ],
    [
      0.2632855772972107,
      0.12837591767311096
    ]
  ],
  "16.jpg": [
    [
      0.4580843299627304,
      0.3098166733980179
    ]
  ],
  "17.jpg": [
    [
      0.6069480776786804,
      0.6767107248306274
    ],
    [
      0.3605120778083801,
      0.2521083503961563
    ]
  ],
  "18.jpg": [
    [
      0.3665468245744705,
      0.3404724672436714
    ],
    [
      0.3568497598171234,
      0.3042752668261528
    ],
    [
      0.678903728723526,
      0.5317589342594147
    ]
  ],
  "19.jpg": [
    [
      0.6867265999317169,
      0.6549282968044281
    ],
    [
      0.6853658556938171,
      0.7034351229667664
    ],
    [
      0.3649553656578064,
      0.6357793062925339
    ]
  ],
  "2.jpg": [
    [
      0.7453701794147491,
      0.631568968296051
    ],
    [
      0.5182911157608032,
      0.36557023227214813
    ],
    [
      0.25330252945423126,
      0.35916031897068024
    ],
    [
      0.36544106900691986,
      0.5323687493801117
    ]
  ],
  "20.jpg": [
    [
      0.6453454494476318,
      0.46297115087509155
    ]
  ],
  "21.jpg": [
    [
      0.20334599167108536,
      0.2797970473766327
    ],
    [
      0.291311651468277,
      0.19491634517908096
    ],
    [
      0.3162492886185646,
      0.258050873875618
    ],
    [
      0.5282604768872261,
      0.19709191843867302
    ]
  ],
  "22.jpg": [
    [
      0.582630068063736,
      0.6816830039024353
    ],
    [
      0.32510434836149216,
      0.6702263355255127
    ],
    [
      0.7494320869445801,
      0.3094054013490677
    ]
  ],
  "23.jpg": [
    [
      0.45319971442222595,
      0.690302699804306
    ]
  ],
  "24.jpg": [
    [
      0.5000963807106018,
      0.5816141366958618
    ]
  ],
  "25.jpg": [
    [
      0.20890095829963684,
      0.5733214616775513
    ],
    [
      0.4030674397945404,
      0.5544092655181885
    ],
    [
      0.2579006142914295,
      0.5799103677272797
    ],
    [
      0.11700025945901871,
      0.5686095952987671
    ],
    [
      0.14549802616238594,
      0.5287823975086212
    ],
    [
      0.41519709676504135,
      0.636865884065628
    ],
    [
      0.10876599699258804,
      0.3130062408745289
    ],
    [
      0.07110840082168579,
      0.5037836134433746
    ],
    [
      0.2836587354540825,
      0.44360145553946495
    ],
    [
      0.16851245984435081,
      0.4649210758507252
    ]
  ],
  "26.jpg": [],
  "27.jpg": [],
  "28.jpg": [
    [
      0.7361168712377548,
      0.7477722465991974
    ],
    [
      0.3408278822898865,
      0.23219455406069756
    ],
    [
      0.7295506149530411,
      0.6609818637371063
    ],
    [
      0.3398885950446129,
      0.4798932820558548
    ]
  ],
  "29.jpg": [
    [
      0.40204207599163055,
      0.6839241981506348
    ]
  ],
  "3.jpg": [
    [
      0.5312812924385071,
      0.6227255612611771
    ]
  ],
  "30.jpg": [
    [
      0.2994954362511635,
      0.45340506732463837
    ]
  ],
  "31.jpg": [
    [
      0.5645001977682114,
      0.7451719045639038
    ]
  ],
  "32.jpg": [
    [
      0.5434121042490005,
      0.6179952919483185
    ],
    [
      0.2972138747572899,
      0.2643979415297508
    ],
    [
      0.39515287429094315,
      0.23703182861208916
    ],
    [
      0.4403517618775368,
      0.2538793981075287
    ]
  ],
  "33.jpg": [
    [
      0.45310546457767487,
      0.7478592693805695
    ],
    [
      0.3966430425643921,
      0.33619098365306854
    ]
  ],
  "34.jpg": [
    [
      0.4850139915943146,
      0.5539624243974686
    ]
  ],
  "35.jpg": [
    [
      0.7190536856651306,
      0.7148538529872894
    ],
    [
      0.3642682433128357,
      0.4365142732858658
    ],
    [
      0.32793054543435574,
      0.19322886317968369
    ]
  ],
  "36.jpg": [
    [
      0.6190325617790222,
      0.45638881623744965
    ],
    [
      0.29680388420820236,
      0.4259251430630684
    ],
    [
      0.7275010347366333,
      0.6561042964458466
    ]
  ],
  "37.jpg": [
    [
      0.7489930391311646,
      0.32494445890188217
    ],
    [
      0.48831285536289215,
      0.3569873124361038
    ],
    [
      0.2821126077324152,
      0.3427934795618057
    ],
    [
      0.3072548359632492,
      0.3800864517688751
    ]
  ],
  "38.jpg": [
    [
      0.3155832625925541,
      0.38223011046648026
    ],
    [
      0.43447162210941315,
      0.3755553513765335
    ],
    [
      0.5925136506557465,
      0.5018460005521774
    ]
  ],
  "39.jpg": [],
  "4.jpg": [
    [
      0.23187442868947983,
      0.5495196431875229
    ],
    [
      0.47719262540340424,
      0.7455198168754578
    ]
  ],
  "40.jpg": [
    [
      0.335822194814682,
      0.4035121276974678
    ],
    [
      0.2463444247841835,
      0.4192499667406082
    ],
    [
      0.46798093616962433,
      0.3930429741740227
    ]
  ],
  "41.jpg": [
    [
      0.20021627843379974,
      0.46775345504283905
    ],
    [
      0.5635270178318024,
      0.6419407725334167
    ],
    [
      0.49882861971855164,
      0.7336187660694122
    ]
  ],
  "42.jpg": [
    [
      0.40526143461465836,
      0.5186239331960678
    ],
    [
      0.748614639043808,
      0.3911307156085968
    ]
  ],
  "43.jpg": [
    [
      0.3667967766523361,
      0.5281970947980881
    ],
    [
      0.7163208723068237,
      0.7477292120456696
    ]
  ],
  "44.jpg": [],
  "45.jpg": [
    [
      0.6877854317426682,
      0.7352732717990875
    ]
  ],
  "46.jpg": [
    [
      0.686332955956459,
      0.6847121715545654
    ]
  ],
  "47.jpg": [
    [
      0.5694376230239868,
      0.7084398567676544
    ],
    [
      0.4392426386475563,
      0.1717762127518654
    ],
    [
      0.5320979803800583,
      0.6507624387741089
    ],
    [
      0.7489752173423767,
      0.6196205914020538
    ]
  ],
  "48.jpg": [],
  "49.jpg": [
    [
      0.4027472734451294,
      0.5909903943538666
    ],
    [
      0.4611178934574127,
      0.5729434788227081
    ]
  ],